condition_key,fold,seed,method,removal_fraction,removal_label,n_removed,auc,accuracy,baseline_auc_same_fold_seed,delta_auc_vs_baseline,checkpoint_sha256,fixed_epoch,epochs_executed,runtime_seconds,ranking_scope,outer_test_used_for_ranking_or_training,retrained_baseline_max_abs_error_vs_checkpoint,ranking_sha256,condition_status,attribution_auc,random_auc,paired_difference
fold00__seed42__unmodified_baseline__baseline,0,42,unmodified_baseline,,0%,0,0.642968344577,0.568181818182,0.642968344577,0,c6b82995af9e828ff6bdcf73a17a1da16df300e4de894f92fc56f2bc5a18257d,20,20,14.5442113876,not_applicable,False,7.15420122144e-07,,COMPLETE,,,
fold00__seed42__gradient_x_input__5pct,0,42,gradient_x_input,0.05,5%,249,0.713544369486,0.625,0.642968344577,0.0705760249092,c6b82995af9e828ff6bdcf73a17a1da16df300e4de894f92fc56f2bc5a18257d,20,20,14.1292407513,outer_train_only__three_canonical_seed_signed_mean_then_subject_mean_absolute,False,,49a81de18d193ff69f081fba508b8b9a9ea4ae8d2759915668775b6436c17402,COMPLETE,0.713544369486,0.622729631552,0.0908147379346
fold00__seed42__integrated_gradients__5pct,0,42,integrated_gradients,0.05,5%,249,0.66683964712,0.636363636364,0.642968344577,0.0238713025428,c6b82995af9e828ff6bdcf73a17a1da16df300e4de894f92fc56f2bc5a18257d,20,20,13.6507780552,outer_train_only__three_canonical_seed_signed_mean_then_subject_mean_absolute,False,,49a81de18d193ff69f081fba508b8b9a9ea4ae8d2759915668775b6436c17402,COMPLETE,0.66683964712,0.622729631552,0.0441100155682
fold00__seed42__random__5pct,0,42,random,0.05,5%,249,0.622729631552,0.545454545455,0.642968344577,-0.0202387130254,c6b82995af9e828ff6bdcf73a17a1da16df300e4de894f92fc56f2bc5a18257d,20,20,12.4534232616,seeded_equal_cardinality_random,False,,not_applicable,COMPLETE,,,
fold00__seed42__gradient_x_input__10pct,0,42,gradient_x_input,0.1,10%,498,0.639854696419,0.613636363636,0.642968344577,-0.00311364815776,c6b82995af9e828ff6bdcf73a17a1da16df300e4de894f92fc56f2bc5a18257d,20,20,12.6056101322,outer_train_only__three_canonical_seed_signed_mean_then_subject_mean_absolute,False,,49a81de18d193ff69f081fba508b8b9a9ea4ae8d2759915668775b6436c17402,COMPLETE,0.639854696419,0.663207057602,-0.0233523611832
fold00__seed42__integrated_gradients__10pct,0,42,integrated_gradients,0.1,10%,498,0.719252724442,0.625,0.642968344577,0.0762843798651,c6b82995af9e828ff6bdcf73a17a1da16df300e4de894f92fc56f2bc5a18257d,20,20,12.6444997787,outer_train_only__three_canonical_seed_signed_mean_then_subject_mean_absolute,False,,49a81de18d193ff69f081fba508b8b9a9ea4ae8d2759915668775b6436c17402,COMPLETE,0.719252724442,0.663207057602,0.0560456668396
fold00__seed42__random__10pct,0,42,random,0.1,10%,498,0.663207057602,0.602272727273,0.642968344577,0.0202387130254,c6b82995af9e828ff6bdcf73a17a1da16df300e4de894f92fc56f2bc5a18257d,20,20,12.4418685436,seeded_equal_cardinality_random,False,,not_applicable,COMPLETE,,,
fold00__seed43__unmodified_baseline__baseline,0,43,unmodified_baseline,,0%,0,0.690192008303,0.590909090909,0.690192008303,0,1b82785b4cb27ade1ed8ff25690130802021acc701c66fe1824d196b70486309,90,90,55.7106962204,not_applicable,False,1.63580620938e-07,,COMPLETE,,,
fold00__seed43__gradient_x_input__5pct,0,43,gradient_x_input,0.05,5%,249,0.690710949663,0.613636363636,0.690192008303,0.000518941359626,1b82785b4cb27ade1ed8ff25690130802021acc701c66fe1824d196b70486309,90,90,52.3196191788,outer_train_only__three_canonical_seed_signed_mean_then_subject_mean_absolute,False,,49a81de18d193ff69f081fba508b8b9a9ea4ae8d2759915668775b6436c17402,COMPLETE,0.690710949663,0.673585884795,0.0171250648677
fold00__seed43__integrated_gradients__5pct,0,43,integrated_gradients,0.05,5%,249,0.677737415672,0.647727272727,0.690192008303,-0.012454592631,1b82785b4cb27ade1ed8ff25690130802021acc701c66fe1824d196b70486309,90,90,54.1940453053,outer_train_only__three_canonical_seed_signed_mean_then_subject_mean_absolute,False,,49a81de18d193ff69f081fba508b8b9a9ea4ae8d2759915668775b6436c17402,COMPLETE,0.677737415672,0.673585884795,0.00415153087701
fold00__seed43__random__5pct,0,43,random,0.05,5%,249,0.673585884795,0.545454545455,0.690192008303,-0.016606123508,1b82785b4cb27ade1ed8ff25690130802021acc701c66fe1824d196b70486309,90,90,59.8777518272,seeded_equal_cardinality_random,False,,not_applicable,COMPLETE,,,
fold00__seed43__gradient_x_input__10pct,0,43,gradient_x_input,0.1,10%,498,0.69434353918,0.636363636364,0.690192008303,0.00415153087701,1b82785b4cb27ade1ed8ff25690130802021acc701c66fe1824d196b70486309,90,90,56.8565163612,outer_train_only__three_canonical_seed_signed_mean_then_subject_mean_absolute,False,,49a81de18d193ff69f081fba508b8b9a9ea4ae8d2759915668775b6436c17402,COMPLETE,0.69434353918,0.674104826155,0.0202387130254
fold00__seed43__integrated_gradients__10pct,0,43,integrated_gradients,0.1,10%,498,0.698495070057,0.636363636364,0.690192008303,0.00830306175402,1b82785b4cb27ade1ed8ff25690130802021acc701c66fe1824d196b70486309,90,90,63.7757995129,outer_train_only__three_canonical_seed_signed_mean_then_subject_mean_absolute,False,,49a81de18d193ff69f081fba508b8b9a9ea4ae8d2759915668775b6436c17402,COMPLETE,0.698495070057,0.674104826155,0.0243902439024
fold00__seed43__random__10pct,0,43,random,0.1,10%,498,0.674104826155,0.602272727273,0.690192008303,-0.0160871821484,1b82785b4cb27ade1ed8ff25690130802021acc701c66fe1824d196b70486309,90,90,58.357429266,seeded_equal_cardinality_random,False,,not_applicable,COMPLETE,,,
fold00__seed44__unmodified_baseline__baseline,0,44,unmodified_baseline,,0%,0,0.606123508044,0.534090909091,0.606123508044,0,b9fa444085688702a2470868c86b3ea3d6927308f4244a07682f43de28d24159,20,20,11.655030489,not_applicable,False,6.5183836423e-07,,COMPLETE,,,
fold00__seed44__gradient_x_input__5pct,0,44,gradient_x_input,0.05,5%,249,0.667877529839,0.602272727273,0.606123508044,0.0617540217955,b9fa444085688702a2470868c86b3ea3d6927308f4244a07682f43de28d24159,20,20,12.682746172,outer_train_only__three_canonical_seed_signed_mean_then_subject_mean_absolute,False,,49a81de18d193ff69f081fba508b8b9a9ea4ae8d2759915668775b6436c17402,COMPLETE,0.667877529839,0.635184224183,0.0326933056565
fold00__seed44__integrated_gradients__5pct,0,44,integrated_gradients,0.05,5%,249,0.620653866113,0.625,0.606123508044,0.0145303580695,b9fa444085688702a2470868c86b3ea3d6927308f4244a07682f43de28d24159,20,20,12.3878500462,outer_train_only__three_canonical_seed_signed_mean_then_subject_mean_absolute,False,,49a81de18d193ff69f081fba508b8b9a9ea4ae8d2759915668775b6436c17402,COMPLETE,0.620653866113,0.635184224183,-0.0145303580695
fold00__seed44__random__5pct,0,44,random,0.05,5%,249,0.635184224183,0.556818181818,0.606123508044,0.0290607161391,b9fa444085688702a2470868c86b3ea3d6927308f4244a07682f43de28d24159,20,20,12.0477261543,seeded_equal_cardinality_random,False,,not_applicable,COMPLETE,,,
fold00__seed44__gradient_x_input__10pct,0,44,gradient_x_input,0.1,10%,498,0.650233523612,0.568181818182,0.606123508044,0.0441100155682,b9fa444085688702a2470868c86b3ea3d6927308f4244a07682f43de28d24159,20,20,12.9406819344,outer_train_only__three_canonical_seed_signed_mean_then_subject_mean_absolute,False,,49a81de18d193ff69f081fba508b8b9a9ea4ae8d2759915668775b6436c17402,COMPLETE,0.650233523612,0.622729631552,0.0275038920602
fold00__seed44__integrated_gradients__10pct,0,44,integrated_gradients,0.1,10%,498,0.641930461858,0.590909090909,0.606123508044,0.0358069538142,b9fa444085688702a2470868c86b3ea3d6927308f4244a07682f43de28d24159,20,20,12.4341852665,outer_train_only__three_canonical_seed_signed_mean_then_subject_mean_absolute,False,,49a81de18d193ff69f081fba508b8b9a9ea4ae8d2759915668775b6436c17402,COMPLETE,0.641930461858,0.622729631552,0.0192008303062
fold00__seed44__random__10pct,0,44,random,0.1,10%,498,0.622729631552,0.568181818182,0.606123508044,0.016606123508,b9fa444085688702a2470868c86b3ea3d6927308f4244a07682f43de28d24159,20,20,12.2837972641,seeded_equal_cardinality_random,False,,not_applicable,COMPLETE,,,
fold01__seed42__unmodified_baseline__baseline,1,42,unmodified_baseline,,0%,0,0.774260508563,0.704545454545,0.774260508563,0,f254d9bde3e82aa227bcd381b19074c429f800392b01aa46243458a459bccd90,20,20,13.998529911,not_applicable,False,1.45889904007e-06,,COMPLETE,,,
fold01__seed42__gradient_x_input__5pct,1,42,gradient_x_input,0.05,5%,249,0.764919564089,0.681818181818,0.774260508563,-0.00934094447327,f254d9bde3e82aa227bcd381b19074c429f800392b01aa46243458a459bccd90,20,20,13.3154189587,outer_train_only__three_canonical_seed_signed_mean_then_subject_mean_absolute,False,,388d41909018d40785a09ac3cc555d8b801309869c20e4cff4c0b2baa39e25e9,COMPLETE,0.764919564089,0.757135443695,0.0077841203944
fold01__seed42__integrated_gradients__5pct,1,42,integrated_gradients,0.05,5%,249,0.784639335755,0.715909090909,0.774260508563,0.0103788271925,f254d9bde3e82aa227bcd381b19074c429f800392b01aa46243458a459bccd90,20,20,13.3024394512,outer_train_only__three_canonical_seed_signed_mean_then_subject_mean_absolute,False,,388d41909018d40785a09ac3cc555d8b801309869c20e4cff4c0b2baa39e25e9,COMPLETE,0.784639335755,0.757135443695,0.0275038920602
fold01__seed42__random__5pct,1,42,random,0.05,5%,249,0.757135443695,0.670454545455,0.774260508563,-0.0171250648677,f254d9bde3e82aa227bcd381b19074c429f800392b01aa46243458a459bccd90,20,20,13.0250179768,seeded_equal_cardinality_random,False,,not_applicable,COMPLETE,,,
fold01__seed42__gradient_x_input__10pct,1,42,gradient_x_input,0.1,10%,498,0.733783082512,0.625,0.774260508563,-0.0404774260509,f254d9bde3e82aa227bcd381b19074c429f800392b01aa46243458a459bccd90,20,20,13.1653447151,outer_train_only__three_canonical_seed_signed_mean_then_subject_mean_absolute,False,,388d41909018d40785a09ac3cc555d8b801309869c20e4cff4c0b2baa39e25e9,COMPLETE,0.733783082512,0.720809548521,0.0129735339907
fold01__seed42__integrated_gradients__10pct,1,42,integrated_gradients,0.1,10%,498,0.714063310846,0.659090909091,0.774260508563,-0.0601971977167,f254d9bde3e82aa227bcd381b19074c429f800392b01aa46243458a459bccd90,20,20,13.2565188408,outer_train_only__three_canonical_seed_signed_mean_then_subject_mean_absolute,False,,388d41909018d40785a09ac3cc555d8b801309869c20e4cff4c0b2baa39e25e9,COMPLETE,0.714063310846,0.720809548521,-0.00674623767514
fold01__seed42__random__10pct,1,42,random,0.1,10%,498,0.720809548521,0.681818181818,0.774260508563,-0.0534509600415,f254d9bde3e82aa227bcd381b19074c429f800392b01aa46243458a459bccd90,20,20,13.4644815922,seeded_equal_cardinality_random,False,,not_applicable,COMPLETE,,,
fold01__seed43__unmodified_baseline__baseline,1,43,unmodified_baseline,,0%,0,0.733783082512,0.659090909091,0.733783082512,0,daad350e4ba72bd902ce5da989a6d00c62555e7175a29b181ff5a58435d34c27,10,10,6.59728288651,not_applicable,False,4.74521088423e-07,,COMPLETE,,,
fold01__seed43__gradient_x_input__5pct,1,43,gradient_x_input,0.05,5%,249,0.766476388168,0.647727272727,0.733783082512,0.0326933056565,daad350e4ba72bd902ce5da989a6d00c62555e7175a29b181ff5a58435d34c27,10,10,6.25883841515,outer_train_only__three_canonical_seed_signed_mean_then_subject_mean_absolute,False,,388d41909018d40785a09ac3cc555d8b801309869c20e4cff4c0b2baa39e25e9,COMPLETE,0.766476388168,0.789309807992,-0.0228334198236
fold01__seed43__integrated_gradients__5pct,1,43,integrated_gradients,0.05,5%,249,0.76336274001,0.659090909091,0.733783082512,0.0295796574987,daad350e4ba72bd902ce5da989a6d00c62555e7175a29b181ff5a58435d34c27,10,10,6.20637392998,outer_train_only__three_canonical_seed_signed_mean_then_subject_mean_absolute,False,,388d41909018d40785a09ac3cc555d8b801309869c20e4cff4c0b2baa39e25e9,COMPLETE,0.76336274001,0.789309807992,-0.0259470679813
fold01__seed43__random__5pct,1,43,random,0.05,5%,249,0.789309807992,0.681818181818,0.733783082512,0.05552672548,daad350e4ba72bd902ce5da989a6d00c62555e7175a29b181ff5a58435d34c27,10,10,6.27463340759,seeded_equal_cardinality_random,False,,not_applicable,COMPLETE,,,
fold01__seed43__gradient_x_input__10pct,1,43,gradient_x_input,0.1,10%,498,0.750908147379,0.670454545455,0.733783082512,0.0171250648677,daad350e4ba72bd902ce5da989a6d00c62555e7175a29b181ff5a58435d34c27,10,10,6.4727871418,outer_train_only__three_canonical_seed_signed_mean_then_subject_mean_absolute,False,,388d41909018d40785a09ac3cc555d8b801309869c20e4cff4c0b2baa39e25e9,COMPLETE,0.750908147379,0.759730150493,-0.00882200311365
fold01__seed43__integrated_gradients__10pct,1,43,integrated_gradients,0.1,10%,498,0.77737415672,0.670454545455,0.733783082512,0.0435910742086,daad350e4ba72bd902ce5da989a6d00c62555e7175a29b181ff5a58435d34c27,10,10,6.26283550262,outer_train_only__three_canonical_seed_signed_mean_then_subject_mean_absolute,False,,388d41909018d40785a09ac3cc555d8b801309869c20e4cff4c0b2baa39e25e9,COMPLETE,0.77737415672,0.759730150493,0.0176440062273
fold01__seed43__random__10pct,1,43,random,0.1,10%,498,0.759730150493,0.704545454545,0.733783082512,0.0259470679813,daad350e4ba72bd902ce5da989a6d00c62555e7175a29b181ff5a58435d34c27,10,10,6.62354326248,seeded_equal_cardinality_random,False,,not_applicable,COMPLETE,,,
fold01__seed44__unmodified_baseline__baseline,1,44,unmodified_baseline,,0%,0,0.746237675143,0.693181818182,0.746237675143,0,8c2a0d5f1f4607863eb064965f614b519eb6b5831056f833907e035d762678d6,70,70,44.2186043262,not_applicable,False,3.2543352585e-07,,COMPLETE,,,
fold01__seed44__gradient_x_input__5pct,1,44,gradient_x_input,0.05,5%,249,0.753502854177,0.681818181818,0.746237675143,0.00726517903477,8c2a0d5f1f4607863eb064965f614b519eb6b5831056f833907e035d762678d6,70,70,45.739767313,outer_train_only__three_canonical_seed_signed_mean_then_subject_mean_absolute,False,,388d41909018d40785a09ac3cc555d8b801309869c20e4cff4c0b2baa39e25e9,COMPLETE,0.753502854177,0.740529320187,0.0129735339907
fold01__seed44__integrated_gradients__5pct,1,44,integrated_gradients,0.05,5%,249,0.760768033212,0.738636363636,0.746237675143,0.0145303580695,8c2a0d5f1f4607863eb064965f614b519eb6b5831056f833907e035d762678d6,70,70,48.5443301201,outer_train_only__three_canonical_seed_signed_mean_then_subject_mean_absolute,False,,388d41909018d40785a09ac3cc555d8b801309869c20e4cff4c0b2baa39e25e9,COMPLETE,0.760768033212,0.740529320187,0.0202387130254
fold01__seed44__random__5pct,1,44,random,0.05,5%,249,0.740529320187,0.738636363636,0.746237675143,-0.00570835495589,8c2a0d5f1f4607863eb064965f614b519eb6b5831056f833907e035d762678d6,70,70,48.9359385967,seeded_equal_cardinality_random,False,,not_applicable,COMPLETE,,,
fold01__seed44__gradient_x_input__10pct,1,44,gradient_x_input,0.1,10%,498,0.770108977686,0.704545454545,0.746237675143,0.0238713025428,8c2a0d5f1f4607863eb064965f614b519eb6b5831056f833907e035d762678d6,70,70,48.716524601,outer_train_only__three_canonical_seed_signed_mean_then_subject_mean_absolute,False,,388d41909018d40785a09ac3cc555d8b801309869c20e4cff4c0b2baa39e25e9,COMPLETE,0.770108977686,0.700051894136,0.0700570835496
fold01__seed44__integrated_gradients__10pct,1,44,integrated_gradients,0.1,10%,498,0.7493513233,0.681818181818,0.746237675143,0.00311364815776,8c2a0d5f1f4607863eb064965f614b519eb6b5831056f833907e035d762678d6,70,70,45.995374918,outer_train_only__three_canonical_seed_signed_mean_then_subject_mean_absolute,False,,388d41909018d40785a09ac3cc555d8b801309869c20e4cff4c0b2baa39e25e9,COMPLETE,0.7493513233,0.700051894136,0.0492994291645
fold01__seed44__random__10pct,1,44,random,0.1,10%,498,0.700051894136,0.659090909091,0.746237675143,-0.0461857810067,8c2a0d5f1f4607863eb064965f614b519eb6b5831056f833907e035d762678d6,70,70,51.8022882938,seeded_equal_cardinality_random,False,,not_applicable,COMPLETE,,,
fold02__seed42__unmodified_baseline__baseline,2,42,unmodified_baseline,,0%,0,0.717176959004,0.625,0.717176959004,0,ee55b4f6686c12d9acd4a9facb2dd6bd53b1a8e87fa32b4a0ee5aa4f79e10666,15,15,8.87715125084,not_applicable,False,6.78290104861e-07,,COMPLETE,,,
fold02__seed42__gradient_x_input__5pct,2,42,gradient_x_input,0.05,5%,249,0.738453554748,0.647727272727,0.717176959004,0.0212765957447,ee55b4f6686c12d9acd4a9facb2dd6bd53b1a8e87fa32b4a0ee5aa4f79e10666,15,15,9.00447630882,outer_train_only__three_canonical_seed_signed_mean_then_subject_mean_absolute,False,,5a851a06477c04c869c42b8a0f7eee1912a8046adbe54f8bf76b08af1a4be4e9,COMPLETE,0.738453554748,0.669953295278,0.0685002594707
fold02__seed42__integrated_gradients__5pct,2,42,integrated_gradients,0.05,5%,249,0.717176959004,0.659090909091,0.717176959004,0,ee55b4f6686c12d9acd4a9facb2dd6bd53b1a8e87fa32b4a0ee5aa4f79e10666,15,15,10.6370208263,outer_train_only__three_canonical_seed_signed_mean_then_subject_mean_absolute,False,,5a851a06477c04c869c42b8a0f7eee1912a8046adbe54f8bf76b08af1a4be4e9,COMPLETE,0.717176959004,0.669953295278,0.047223663726
fold02__seed42__random__5pct,2,42,random,0.05,5%,249,0.669953295278,0.568181818182,0.717176959004,-0.047223663726,ee55b4f6686c12d9acd4a9facb2dd6bd53b1a8e87fa32b4a0ee5aa4f79e10666,15,15,10.6725897789,seeded_equal_cardinality_random,False,,not_applicable,COMPLETE,,,
fold02__seed42__gradient_x_input__10pct,2,42,gradient_x_input,0.1,10%,498,0.745199792423,0.670454545455,0.717176959004,0.0280228334198,ee55b4f6686c12d9acd4a9facb2dd6bd53b1a8e87fa32b4a0ee5aa4f79e10666,15,15,10.353089571,outer_train_only__three_canonical_seed_signed_mean_then_subject_mean_absolute,False,,5a851a06477c04c869c42b8a0f7eee1912a8046adbe54f8bf76b08af1a4be4e9,COMPLETE,0.745199792423,0.683964711988,0.0612350804359
fold02__seed42__integrated_gradients__10pct,2,42,integrated_gradients,0.1,10%,498,0.728593668915,0.647727272727,0.717176959004,0.0114167099118,ee55b4f6686c12d9acd4a9facb2dd6bd53b1a8e87fa32b4a0ee5aa4f79e10666,15,15,10.6083512306,outer_train_only__three_canonical_seed_signed_mean_then_subject_mean_absolute,False,,5a851a06477c04c869c42b8a0f7eee1912a8046adbe54f8bf76b08af1a4be4e9,COMPLETE,0.728593668915,0.683964711988,0.0446289569279
fold02__seed42__random__10pct,2,42,random,0.1,10%,498,0.683964711988,0.659090909091,0.717176959004,-0.0332122470161,ee55b4f6686c12d9acd4a9facb2dd6bd53b1a8e87fa32b4a0ee5aa4f79e10666,15,15,10.5168578625,seeded_equal_cardinality_random,False,,not_applicable,COMPLETE,,,
fold02__seed43__unmodified_baseline__baseline,2,43,unmodified_baseline,,0%,0,0.768552153607,0.727272727273,0.768552153607,0,331138cd4ebf1dd0d758f395a4d9fa9d34d7b88b5e1f727147e49ac23074bc59,135,135,87.3032999039,not_applicable,False,1.47933856581e-07,,COMPLETE,,,
fold02__seed43__gradient_x_input__5pct,2,43,gradient_x_input,0.05,5%,249,0.740529320187,0.681818181818,0.768552153607,-0.0280228334198,331138cd4ebf1dd0d758f395a4d9fa9d34d7b88b5e1f727147e49ac23074bc59,135,135,86.7354483604,outer_train_only__three_canonical_seed_signed_mean_then_subject_mean_absolute,False,,5a851a06477c04c869c42b8a0f7eee1912a8046adbe54f8bf76b08af1a4be4e9,COMPLETE,0.740529320187,0.741048261546,-0.000518941359626
fold02__seed43__integrated_gradients__5pct,2,43,integrated_gradients,0.05,5%,249,0.776336274001,0.693181818182,0.768552153607,0.0077841203944,331138cd4ebf1dd0d758f395a4d9fa9d34d7b88b5e1f727147e49ac23074bc59,135,135,92.7993512154,outer_train_only__three_canonical_seed_signed_mean_then_subject_mean_absolute,False,,5a851a06477c04c869c42b8a0f7eee1912a8046adbe54f8bf76b08af1a4be4e9,COMPLETE,0.776336274001,0.741048261546,0.0352880124546
fold02__seed43__random__5pct,2,43,random,0.05,5%,249,0.741048261546,0.715909090909,0.768552153607,-0.0275038920602,331138cd4ebf1dd0d758f395a4d9fa9d34d7b88b5e1f727147e49ac23074bc59,135,135,89.9442124367,seeded_equal_cardinality_random,False,,not_applicable,COMPLETE,,,
fold02__seed43__gradient_x_input__10pct,2,43,gradient_x_input,0.1,10%,498,0.754021795537,0.693181818182,0.768552153607,-0.0145303580695,331138cd4ebf1dd0d758f395a4d9fa9d34d7b88b5e1f727147e49ac23074bc59,135,135,88.770472765,outer_train_only__three_canonical_seed_signed_mean_then_subject_mean_absolute,False,,5a851a06477c04c869c42b8a0f7eee1912a8046adbe54f8bf76b08af1a4be4e9,COMPLETE,0.754021795537,0.778930980799,-0.0249091852621
fold02__seed43__integrated_gradients__10pct,2,43,integrated_gradients,0.1,10%,498,0.750908147379,0.681818181818,0.768552153607,-0.0176440062273,331138cd4ebf1dd0d758f395a4d9fa9d34d7b88b5e1f727147e49ac23074bc59,135,135,87.2191035748,outer_train_only__three_canonical_seed_signed_mean_then_subject_mean_absolute,False,,5a851a06477c04c869c42b8a0f7eee1912a8046adbe54f8bf76b08af1a4be4e9,COMPLETE,0.750908147379,0.778930980799,-0.0280228334198
fold02__seed43__random__10pct,2,43,random,0.1,10%,498,0.778930980799,0.704545454545,0.768552153607,0.0103788271925,331138cd4ebf1dd0d758f395a4d9fa9d34d7b88b5e1f727147e49ac23074bc59,135,135,88.6780064106,seeded_equal_cardinality_random,False,,not_applicable,COMPLETE,,,
fold02__seed44__unmodified_baseline__baseline,2,44,unmodified_baseline,,0%,0,0.746756616502,0.670454545455,0.746756616502,0,fe1f50f30d3f91caa6a9a5bbf94c4794c58e05682f7a0888530de5bfbf1d9564,125,125,85.9314923286,not_applicable,False,2.39774461619e-07,,COMPLETE,,,
fold02__seed44__gradient_x_input__5pct,2,44,gradient_x_input,0.05,5%,249,0.743642968345,0.670454545455,0.746756616502,-0.00311364815776,fe1f50f30d3f91caa6a9a5bbf94c4794c58e05682f7a0888530de5bfbf1d9564,125,125,82.5542433262,outer_train_only__three_canonical_seed_signed_mean_then_subject_mean_absolute,False,,5a851a06477c04c869c42b8a0f7eee1912a8046adbe54f8bf76b08af1a4be4e9,COMPLETE,0.743642968345,0.753502854177,-0.0098598858329
fold02__seed44__integrated_gradients__5pct,2,44,integrated_gradients,0.05,5%,249,0.759730150493,0.659090909091,0.746756616502,0.0129735339907,fe1f50f30d3f91caa6a9a5bbf94c4794c58e05682f7a0888530de5bfbf1d9564,125,125,82.2345209122,outer_train_only__three_canonical_seed_signed_mean_then_subject_mean_absolute,False,,5a851a06477c04c869c42b8a0f7eee1912a8046adbe54f8bf76b08af1a4be4e9,COMPLETE,0.759730150493,0.753502854177,0.00622729631552
fold02__seed44__random__5pct,2,44,random,0.05,5%,249,0.753502854177,0.681818181818,0.746756616502,0.00674623767514,fe1f50f30d3f91caa6a9a5bbf94c4794c58e05682f7a0888530de5bfbf1d9564,125,125,87.4881196022,seeded_equal_cardinality_random,False,,not_applicable,COMPLETE,,,
fold02__seed44__gradient_x_input__10pct,2,44,gradient_x_input,0.1,10%,498,0.770627919045,0.693181818182,0.746756616502,0.0238713025428,fe1f50f30d3f91caa6a9a5bbf94c4794c58e05682f7a0888530de5bfbf1d9564,125,125,82.080915451,outer_train_only__three_canonical_seed_signed_mean_then_subject_mean_absolute,False,,5a851a06477c04c869c42b8a0f7eee1912a8046adbe54f8bf76b08af1a4be4e9,COMPLETE,0.770627919045,0.746756616502,0.0238713025428
fold02__seed44__integrated_gradients__10pct,2,44,integrated_gradients,0.1,10%,498,0.779968863518,0.715909090909,0.746756616502,0.0332122470161,fe1f50f30d3f91caa6a9a5bbf94c4794c58e05682f7a0888530de5bfbf1d9564,125,125,85.6075823307,outer_train_only__three_canonical_seed_signed_mean_then_subject_mean_absolute,False,,5a851a06477c04c869c42b8a0f7eee1912a8046adbe54f8bf76b08af1a4be4e9,COMPLETE,0.779968863518,0.746756616502,0.0332122470161
fold02__seed44__random__10pct,2,44,random,0.1,10%,498,0.746756616502,0.693181818182,0.746756616502,1.11022302463e-16,fe1f50f30d3f91caa6a9a5bbf94c4794c58e05682f7a0888530de5bfbf1d9564,125,125,84.2477831841,seeded_equal_cardinality_random,False,,not_applicable,COMPLETE,,,
fold03__seed42__unmodified_baseline__baseline,3,42,unmodified_baseline,,0%,0,0.757654385054,0.704545454545,0.757654385054,0,0bbef3023ee595aa4e47c85a42754981e9d5c563d8b29c30a1f47ce9f9f0ceea,85,85,60.5859997272,not_applicable,False,3.54063814711e-07,,COMPLETE,,,
fold03__seed42__gradient_x_input__5pct,3,42,gradient_x_input,0.05,5%,249,0.746756616502,0.681818181818,0.757654385054,-0.0108977685522,0bbef3023ee595aa4e47c85a42754981e9d5c563d8b29c30a1f47ce9f9f0ceea,85,85,56.8543045521,outer_train_only__three_canonical_seed_signed_mean_then_subject_mean_absolute,False,,f7d50ac655da9710ecca12e9738919956611b7a11e0411dfe2544240048a5341,COMPLETE,0.746756616502,0.73585884795,0.0108977685522
fold03__seed42__integrated_gradients__5pct,3,42,integrated_gradients,0.05,5%,249,0.760768033212,0.715909090909,0.757654385054,0.00311364815776,0bbef3023ee595aa4e47c85a42754981e9d5c563d8b29c30a1f47ce9f9f0ceea,85,85,60.7671582699,outer_train_only__three_canonical_seed_signed_mean_then_subject_mean_absolute,False,,f7d50ac655da9710ecca12e9738919956611b7a11e0411dfe2544240048a5341,COMPLETE,0.760768033212,0.73585884795,0.0249091852621
fold03__seed42__random__5pct,3,42,random,0.05,5%,249,0.73585884795,0.693181818182,0.757654385054,-0.0217955371043,0bbef3023ee595aa4e47c85a42754981e9d5c563d8b29c30a1f47ce9f9f0ceea,85,85,55.1410019398,seeded_equal_cardinality_random,False,,not_applicable,COMPLETE,,,
fold03__seed42__gradient_x_input__10pct,3,42,gradient_x_input,0.1,10%,498,0.828230409964,0.75,0.757654385054,0.0705760249092,0bbef3023ee595aa4e47c85a42754981e9d5c563d8b29c30a1f47ce9f9f0ceea,85,85,63.8788349628,outer_train_only__three_canonical_seed_signed_mean_then_subject_mean_absolute,False,,f7d50ac655da9710ecca12e9738919956611b7a11e0411dfe2544240048a5341,COMPLETE,0.828230409964,0.76336274001,0.0648676699533
fold03__seed42__integrated_gradients__10pct,3,42,integrated_gradients,0.1,10%,498,0.775817332641,0.727272727273,0.757654385054,0.0181629475869,0bbef3023ee595aa4e47c85a42754981e9d5c563d8b29c30a1f47ce9f9f0ceea,85,85,55.2127726078,outer_train_only__three_canonical_seed_signed_mean_then_subject_mean_absolute,False,,f7d50ac655da9710ecca12e9738919956611b7a11e0411dfe2544240048a5341,COMPLETE,0.775817332641,0.76336274001,0.012454592631
fold03__seed42__random__10pct,3,42,random,0.1,10%,498,0.76336274001,0.704545454545,0.757654385054,0.00570835495589,0bbef3023ee595aa4e47c85a42754981e9d5c563d8b29c30a1f47ce9f9f0ceea,85,85,60.05814147,seeded_equal_cardinality_random,False,,not_applicable,COMPLETE,,,
fold03__seed43__unmodified_baseline__baseline,3,43,unmodified_baseline,,0%,0,0.762324857291,0.704545454545,0.762324857291,0,4d0c17f03c1cb9cf9e573a4fddba5a2955861919d3a6b1b36e557fc08f7f02a9,90,90,60.143954277,not_applicable,False,2.21406128598e-07,,COMPLETE,,,
fold03__seed43__gradient_x_input__5pct,3,43,gradient_x_input,0.05,5%,249,0.780487804878,0.715909090909,0.762324857291,0.0181629475869,4d0c17f03c1cb9cf9e573a4fddba5a2955861919d3a6b1b36e557fc08f7f02a9,90,90,60.8734359741,outer_train_only__three_canonical_seed_signed_mean_then_subject_mean_absolute,False,,f7d50ac655da9710ecca12e9738919956611b7a11e0411dfe2544240048a5341,COMPLETE,0.780487804878,0.748313440581,0.0321743642968
fold03__seed43__integrated_gradients__5pct,3,43,integrated_gradients,0.05,5%,249,0.752983912818,0.693181818182,0.762324857291,-0.00934094447327,4d0c17f03c1cb9cf9e573a4fddba5a2955861919d3a6b1b36e557fc08f7f02a9,90,90,63.7361958027,outer_train_only__three_canonical_seed_signed_mean_then_subject_mean_absolute,False,,f7d50ac655da9710ecca12e9738919956611b7a11e0411dfe2544240048a5341,COMPLETE,0.752983912818,0.748313440581,0.00467047223664
fold03__seed43__random__5pct,3,43,random,0.05,5%,249,0.748313440581,0.681818181818,0.762324857291,-0.0140114167099,4d0c17f03c1cb9cf9e573a4fddba5a2955861919d3a6b1b36e557fc08f7f02a9,90,90,58.8755555153,seeded_equal_cardinality_random,False,,not_applicable,COMPLETE,,,
fold03__seed43__gradient_x_input__10pct,3,43,gradient_x_input,0.1,10%,498,0.801764400623,0.727272727273,0.762324857291,0.0394395433316,4d0c17f03c1cb9cf9e573a4fddba5a2955861919d3a6b1b36e557fc08f7f02a9,90,90,67.898724556,outer_train_only__three_canonical_seed_signed_mean_then_subject_mean_absolute,False,,f7d50ac655da9710ecca12e9738919956611b7a11e0411dfe2544240048a5341,COMPLETE,0.801764400623,0.746237675143,0.05552672548
fold03__seed43__integrated_gradients__10pct,3,43,integrated_gradients,0.1,10%,498,0.816294758692,0.727272727273,0.762324857291,0.0539699014011,4d0c17f03c1cb9cf9e573a4fddba5a2955861919d3a6b1b36e557fc08f7f02a9,90,90,67.8370099068,outer_train_only__three_canonical_seed_signed_mean_then_subject_mean_absolute,False,,f7d50ac655da9710ecca12e9738919956611b7a11e0411dfe2544240048a5341,COMPLETE,0.816294758692,0.746237675143,0.0700570835496
fold03__seed43__random__10pct,3,43,random,0.1,10%,498,0.746237675143,0.75,0.762324857291,-0.0160871821484,4d0c17f03c1cb9cf9e573a4fddba5a2955861919d3a6b1b36e557fc08f7f02a9,90,90,67.4720535278,seeded_equal_cardinality_random,False,,not_applicable,COMPLETE,,,
fold03__seed44__unmodified_baseline__baseline,3,44,unmodified_baseline,,0%,0,0.789828749351,0.727272727273,0.789828749351,0,1672b06ce28aa1081c6a66bc9469acb25a20a19c2fd27d9beaf880159efe192a,110,110,75.0022218227,not_applicable,False,1.38887671586e-07,,COMPLETE,,,
fold03__seed44__gradient_x_input__5pct,3,44,gradient_x_input,0.05,5%,249,0.77737415672,0.738636363636,0.789828749351,-0.012454592631,1672b06ce28aa1081c6a66bc9469acb25a20a19c2fd27d9beaf880159efe192a,110,110,73.2079031467,outer_train_only__three_canonical_seed_signed_mean_then_subject_mean_absolute,False,,f7d50ac655da9710ecca12e9738919956611b7a11e0411dfe2544240048a5341,COMPLETE,0.77737415672,0.770108977686,0.00726517903477
fold03__seed44__integrated_gradients__5pct,3,44,integrated_gradients,0.05,5%,249,0.787752983913,0.704545454545,0.789828749351,-0.00207576543851,1672b06ce28aa1081c6a66bc9469acb25a20a19c2fd27d9beaf880159efe192a,110,110,77.6498858929,outer_train_only__three_canonical_seed_signed_mean_then_subject_mean_absolute,False,,f7d50ac655da9710ecca12e9738919956611b7a11e0411dfe2544240048a5341,COMPLETE,0.787752983913,0.770108977686,0.0176440062273
fold03__seed44__random__5pct,3,44,random,0.05,5%,249,0.770108977686,0.715909090909,0.789828749351,-0.0197197716658,1672b06ce28aa1081c6a66bc9469acb25a20a19c2fd27d9beaf880159efe192a,110,110,75.3806040287,seeded_equal_cardinality_random,False,,not_applicable,COMPLETE,,,
fold03__seed44__gradient_x_input__10pct,3,44,gradient_x_input,0.1,10%,498,0.766476388168,0.738636363636,0.789828749351,-0.0233523611832,1672b06ce28aa1081c6a66bc9469acb25a20a19c2fd27d9beaf880159efe192a,110,110,72.2259964943,outer_train_only__three_canonical_seed_signed_mean_then_subject_mean_absolute,False,,f7d50ac655da9710ecca12e9738919956611b7a11e0411dfe2544240048a5341,COMPLETE,0.766476388168,0.773741567203,-0.00726517903477
fold03__seed44__integrated_gradients__10pct,3,44,integrated_gradients,0.1,10%,498,0.820965230929,0.761363636364,0.789828749351,0.0311364815776,1672b06ce28aa1081c6a66bc9469acb25a20a19c2fd27d9beaf880159efe192a,110,110,77.0534658432,outer_train_only__three_canonical_seed_signed_mean_then_subject_mean_absolute,False,,f7d50ac655da9710ecca12e9738919956611b7a11e0411dfe2544240048a5341,COMPLETE,0.820965230929,0.773741567203,0.047223663726
fold03__seed44__random__10pct,3,44,random,0.1,10%,498,0.773741567203,0.727272727273,0.789828749351,-0.0160871821484,1672b06ce28aa1081c6a66bc9469acb25a20a19c2fd27d9beaf880159efe192a,110,110,77.5118703842,seeded_equal_cardinality_random,False,,not_applicable,COMPLETE,,,
fold04__seed42__unmodified_baseline__baseline,4,42,unmodified_baseline,,0%,0,0.659375,0.568181818182,0.659375,0,38af9e7df5b4a50832232b05c7d319917f44ccf22323adfc1a805c5f8a613ac7,5,5,3.43804144859,not_applicable,False,2.59198753294e-07,,COMPLETE,,,
fold04__seed42__gradient_x_input__5pct,4,42,gradient_x_input,0.05,5%,249,0.634895833333,0.556818181818,0.659375,-0.0244791666667,38af9e7df5b4a50832232b05c7d319917f44ccf22323adfc1a805c5f8a613ac7,5,5,3.30238604546,outer_train_only__three_canonical_seed_signed_mean_then_subject_mean_absolute,False,,1e3bc7cbc7ca6fadbe8a4d4621d6cc9b274f367bfe340c9911dba64b56f2111f,COMPLETE,0.634895833333,0.6546875,-0.0197916666667
fold04__seed42__integrated_gradients__5pct,4,42,integrated_gradients,0.05,5%,249,0.636458333333,0.545454545455,0.659375,-0.0229166666667,38af9e7df5b4a50832232b05c7d319917f44ccf22323adfc1a805c5f8a613ac7,5,5,3.2781867981,outer_train_only__three_canonical_seed_signed_mean_then_subject_mean_absolute,False,,1e3bc7cbc7ca6fadbe8a4d4621d6cc9b274f367bfe340c9911dba64b56f2111f,COMPLETE,0.636458333333,0.6546875,-0.0182291666667
fold04__seed42__random__5pct,4,42,random,0.05,5%,249,0.6546875,0.613636363636,0.659375,-0.0046875,38af9e7df5b4a50832232b05c7d319917f44ccf22323adfc1a805c5f8a613ac7,5,5,3.37384104729,seeded_equal_cardinality_random,False,,not_applicable,COMPLETE,,,
fold04__seed42__gradient_x_input__10pct,4,42,gradient_x_input,0.1,10%,498,0.6375,0.568181818182,0.659375,-0.021875,38af9e7df5b4a50832232b05c7d319917f44ccf22323adfc1a805c5f8a613ac7,5,5,3.82627511024,outer_train_only__three_canonical_seed_signed_mean_then_subject_mean_absolute,False,,1e3bc7cbc7ca6fadbe8a4d4621d6cc9b274f367bfe340c9911dba64b56f2111f,COMPLETE,0.6375,0.645833333333,-0.00833333333333
fold04__seed42__integrated_gradients__10pct,4,42,integrated_gradients,0.1,10%,498,0.6328125,0.556818181818,0.659375,-0.0265625,38af9e7df5b4a50832232b05c7d319917f44ccf22323adfc1a805c5f8a613ac7,5,5,3.55974388123,outer_train_only__three_canonical_seed_signed_mean_then_subject_mean_absolute,False,,1e3bc7cbc7ca6fadbe8a4d4621d6cc9b274f367bfe340c9911dba64b56f2111f,COMPLETE,0.6328125,0.645833333333,-0.0130208333333
fold04__seed42__random__10pct,4,42,random,0.1,10%,498,0.645833333333,0.545454545455,0.659375,-0.0135416666667,38af9e7df5b4a50832232b05c7d319917f44ccf22323adfc1a805c5f8a613ac7,5,5,3.73555254936,seeded_equal_cardinality_random,False,,not_applicable,COMPLETE,,,
fold04__seed43__unmodified_baseline__baseline,4,43,unmodified_baseline,,0%,0,0.659895833333,0.590909090909,0.659895833333,0,13d17e27e11dcf9bacb6c0363a26e5cd7cc95faece4f5ff7c4b13c410724a9d5,50,50,37.0273206234,not_applicable,False,3.08788747294e-07,,COMPLETE,,,
fold04__seed43__gradient_x_input__5pct,4,43,gradient_x_input,0.05,5%,249,0.684895833333,0.613636363636,0.659895833333,0.025,13d17e27e11dcf9bacb6c0363a26e5cd7cc95faece4f5ff7c4b13c410724a9d5,50,50,32.1301896572,outer_train_only__three_canonical_seed_signed_mean_then_subject_mean_absolute,False,,1e3bc7cbc7ca6fadbe8a4d4621d6cc9b274f367bfe340c9911dba64b56f2111f,COMPLETE,0.684895833333,0.627604166667,0.0572916666667
fold04__seed43__integrated_gradients__5pct,4,43,integrated_gradients,0.05,5%,249,0.638020833333,0.613636363636,0.659895833333,-0.021875,13d17e27e11dcf9bacb6c0363a26e5cd7cc95faece4f5ff7c4b13c410724a9d5,50,50,34.3471009731,outer_train_only__three_canonical_seed_signed_mean_then_subject_mean_absolute,False,,1e3bc7cbc7ca6fadbe8a4d4621d6cc9b274f367bfe340c9911dba64b56f2111f,COMPLETE,0.638020833333,0.627604166667,0.0104166666667
fold04__seed43__random__5pct,4,43,random,0.05,5%,249,0.627604166667,0.545454545455,0.659895833333,-0.0322916666667,13d17e27e11dcf9bacb6c0363a26e5cd7cc95faece4f5ff7c4b13c410724a9d5,50,50,36.3405735493,seeded_equal_cardinality_random,False,,not_applicable,COMPLETE,,,
fold04__seed43__gradient_x_input__10pct,4,43,gradient_x_input,0.1,10%,498,0.684895833333,0.636363636364,0.659895833333,0.025,13d17e27e11dcf9bacb6c0363a26e5cd7cc95faece4f5ff7c4b13c410724a9d5,50,50,31.6798694134,outer_train_only__three_canonical_seed_signed_mean_then_subject_mean_absolute,False,,1e3bc7cbc7ca6fadbe8a4d4621d6cc9b274f367bfe340c9911dba64b56f2111f,COMPLETE,0.684895833333,0.664583333333,0.0203125
fold04__seed43__integrated_gradients__10pct,4,43,integrated_gradients,0.1,10%,498,0.677604166667,0.625,0.659895833333,0.0177083333333,13d17e27e11dcf9bacb6c0363a26e5cd7cc95faece4f5ff7c4b13c410724a9d5,50,50,34.4666852951,outer_train_only__three_canonical_seed_signed_mean_then_subject_mean_absolute,False,,1e3bc7cbc7ca6fadbe8a4d4621d6cc9b274f367bfe340c9911dba64b56f2111f,COMPLETE,0.677604166667,0.664583333333,0.0130208333333
fold04__seed43__random__10pct,4,43,random,0.1,10%,498,0.664583333333,0.636363636364,0.659895833333,0.0046875,13d17e27e11dcf9bacb6c0363a26e5cd7cc95faece4f5ff7c4b13c410724a9d5,50,50,35.5207841396,seeded_equal_cardinality_random,False,,not_applicable,COMPLETE,,,
fold04__seed44__unmodified_baseline__baseline,4,44,unmodified_baseline,,0%,0,0.681770833333,0.636363636364,0.681770833333,0,9dacea0ba8f28d0aca4b07baea756fbb1262c2e52819ffb6550ea176510956ea,75,75,48.3056426048,not_applicable,False,2.48256168733e-07,,COMPLETE,,,
fold04__seed44__gradient_x_input__5pct,4,44,gradient_x_input,0.05,5%,249,0.676041666667,0.647727272727,0.681770833333,-0.00572916666667,9dacea0ba8f28d0aca4b07baea756fbb1262c2e52819ffb6550ea176510956ea,75,75,54.0243997574,outer_train_only__three_canonical_seed_signed_mean_then_subject_mean_absolute,False,,1e3bc7cbc7ca6fadbe8a4d4621d6cc9b274f367bfe340c9911dba64b56f2111f,COMPLETE,0.676041666667,0.686458333333,-0.0104166666667
fold04__seed44__integrated_gradients__5pct,4,44,integrated_gradients,0.05,5%,249,0.691145833333,0.625,0.681770833333,0.009375,9dacea0ba8f28d0aca4b07baea756fbb1262c2e52819ffb6550ea176510956ea,75,75,48.7816958427,outer_train_only__three_canonical_seed_signed_mean_then_subject_mean_absolute,False,,1e3bc7cbc7ca6fadbe8a4d4621d6cc9b274f367bfe340c9911dba64b56f2111f,COMPLETE,0.691145833333,0.686458333333,0.0046875
fold04__seed44__random__5pct,4,44,random,0.05,5%,249,0.686458333333,0.613636363636,0.681770833333,0.0046875,9dacea0ba8f28d0aca4b07baea756fbb1262c2e52819ffb6550ea176510956ea,75,75,53.1753752232,seeded_equal_cardinality_random,False,,not_applicable,COMPLETE,,,
fold04__seed44__gradient_x_input__10pct,4,44,gradient_x_input,0.1,10%,498,0.678125,0.625,0.681770833333,-0.00364583333333,9dacea0ba8f28d0aca4b07baea756fbb1262c2e52819ffb6550ea176510956ea,75,75,49.6934044361,outer_train_only__three_canonical_seed_signed_mean_then_subject_mean_absolute,False,,1e3bc7cbc7ca6fadbe8a4d4621d6cc9b274f367bfe340c9911dba64b56f2111f,COMPLETE,0.678125,0.661979166667,0.0161458333333
fold04__seed44__integrated_gradients__10pct,4,44,integrated_gradients,0.1,10%,498,0.678125,0.636363636364,0.681770833333,-0.00364583333333,9dacea0ba8f28d0aca4b07baea756fbb1262c2e52819ffb6550ea176510956ea,75,75,53.662825346,outer_train_only__three_canonical_seed_signed_mean_then_subject_mean_absolute,False,,1e3bc7cbc7ca6fadbe8a4d4621d6cc9b274f367bfe340c9911dba64b56f2111f,COMPLETE,0.678125,0.661979166667,0.0161458333333
fold04__seed44__random__10pct,4,44,random,0.1,10%,498,0.661979166667,0.625,0.681770833333,-0.0197916666667,9dacea0ba8f28d0aca4b07baea756fbb1262c2e52819ffb6550ea176510956ea,75,75,50.2600193024,seeded_equal_cardinality_random,False,,not_applicable,COMPLETE,,,
fold05__seed42__unmodified_baseline__baseline,5,42,unmodified_baseline,,0%,0,0.661979166667,0.613636363636,0.661979166667,0,50a49aa4878b83e2a09c31a7ab4b90f4ea2bc056e2701eec5351644622e25085,85,85,52.6397230625,not_applicable,False,1.61973208263e-07,,COMPLETE,,,
fold05__seed42__gradient_x_input__5pct,5,42,gradient_x_input,0.05,5%,249,0.671875,0.625,0.661979166667,0.00989583333333,50a49aa4878b83e2a09c31a7ab4b90f4ea2bc056e2701eec5351644622e25085,85,85,59.1411213875,outer_train_only__three_canonical_seed_signed_mean_then_subject_mean_absolute,False,,fd2f0b6aa0024369158062821947e591a10734abfdc9fde3b75db9ba8d82d342,COMPLETE,0.671875,0.667708333333,0.00416666666667
fold05__seed42__integrated_gradients__5pct,5,42,integrated_gradients,0.05,5%,249,0.6546875,0.579545454545,0.661979166667,-0.00729166666667,50a49aa4878b83e2a09c31a7ab4b90f4ea2bc056e2701eec5351644622e25085,85,85,53.8898882866,outer_train_only__three_canonical_seed_signed_mean_then_subject_mean_absolute,False,,fd2f0b6aa0024369158062821947e591a10734abfdc9fde3b75db9ba8d82d342,COMPLETE,0.6546875,0.667708333333,-0.0130208333333
fold05__seed42__random__5pct,5,42,random,0.05,5%,249,0.667708333333,0.590909090909,0.661979166667,0.00572916666667,50a49aa4878b83e2a09c31a7ab4b90f4ea2bc056e2701eec5351644622e25085,85,85,57.0092468262,seeded_equal_cardinality_random,False,,not_applicable,COMPLETE,,,
fold05__seed42__gradient_x_input__10pct,5,42,gradient_x_input,0.1,10%,498,0.669270833333,0.647727272727,0.661979166667,0.00729166666667,50a49aa4878b83e2a09c31a7ab4b90f4ea2bc056e2701eec5351644622e25085,85,85,54.2600417137,outer_train_only__three_canonical_seed_signed_mean_then_subject_mean_absolute,False,,fd2f0b6aa0024369158062821947e591a10734abfdc9fde3b75db9ba8d82d342,COMPLETE,0.669270833333,0.6515625,0.0177083333333
fold05__seed42__integrated_gradients__10pct,5,42,integrated_gradients,0.1,10%,498,0.673958333333,0.625,0.661979166667,0.0119791666667,50a49aa4878b83e2a09c31a7ab4b90f4ea2bc056e2701eec5351644622e25085,85,85,56.0904972553,outer_train_only__three_canonical_seed_signed_mean_then_subject_mean_absolute,False,,fd2f0b6aa0024369158062821947e591a10734abfdc9fde3b75db9ba8d82d342,COMPLETE,0.673958333333,0.6515625,0.0223958333333
fold05__seed42__random__10pct,5,42,random,0.1,10%,498,0.6515625,0.659090909091,0.661979166667,-0.0104166666667,50a49aa4878b83e2a09c31a7ab4b90f4ea2bc056e2701eec5351644622e25085,85,85,56.4437439442,seeded_equal_cardinality_random,False,,not_applicable,COMPLETE,,,
fold05__seed43__unmodified_baseline__baseline,5,43,unmodified_baseline,,0%,0,0.678645833333,0.647727272727,0.678645833333,0,a0932561636770b05e3880c8befe5e5096d9acacf8496525571c03727c86139b,50,50,32.7578897476,not_applicable,False,1.83014124744e-06,,COMPLETE,,,
fold05__seed43__gradient_x_input__5pct,5,43,gradient_x_input,0.05,5%,249,0.6328125,0.568181818182,0.678645833333,-0.0458333333333,a0932561636770b05e3880c8befe5e5096d9acacf8496525571c03727c86139b,50,50,31.0523269176,outer_train_only__three_canonical_seed_signed_mean_then_subject_mean_absolute,False,,fd2f0b6aa0024369158062821947e591a10734abfdc9fde3b75db9ba8d82d342,COMPLETE,0.6328125,0.6671875,-0.034375
fold05__seed43__integrated_gradients__5pct,5,43,integrated_gradients,0.05,5%,249,0.7109375,0.647727272727,0.678645833333,0.0322916666667,a0932561636770b05e3880c8befe5e5096d9acacf8496525571c03727c86139b,50,50,34.5443320274,outer_train_only__three_canonical_seed_signed_mean_then_subject_mean_absolute,False,,fd2f0b6aa0024369158062821947e591a10734abfdc9fde3b75db9ba8d82d342,COMPLETE,0.7109375,0.6671875,0.04375
fold05__seed43__random__5pct,5,43,random,0.05,5%,249,0.6671875,0.602272727273,0.678645833333,-0.0114583333333,a0932561636770b05e3880c8befe5e5096d9acacf8496525571c03727c86139b,50,50,33.8319151402,seeded_equal_cardinality_random,False,,not_applicable,COMPLETE,,,
fold05__seed43__gradient_x_input__10pct,5,43,gradient_x_input,0.1,10%,498,0.602083333333,0.590909090909,0.678645833333,-0.0765625,a0932561636770b05e3880c8befe5e5096d9acacf8496525571c03727c86139b,50,50,30.596465826,outer_train_only__three_canonical_seed_signed_mean_then_subject_mean_absolute,False,,fd2f0b6aa0024369158062821947e591a10734abfdc9fde3b75db9ba8d82d342,COMPLETE,0.602083333333,0.666145833333,-0.0640625
fold05__seed43__integrated_gradients__10pct,5,43,integrated_gradients,0.1,10%,498,0.647916666667,0.602272727273,0.678645833333,-0.0307291666667,a0932561636770b05e3880c8befe5e5096d9acacf8496525571c03727c86139b,50,50,34.3827841282,outer_train_only__three_canonical_seed_signed_mean_then_subject_mean_absolute,False,,fd2f0b6aa0024369158062821947e591a10734abfdc9fde3b75db9ba8d82d342,COMPLETE,0.647916666667,0.666145833333,-0.0182291666667
fold05__seed43__random__10pct,5,43,random,0.1,10%,498,0.666145833333,0.590909090909,0.678645833333,-0.0125,a0932561636770b05e3880c8befe5e5096d9acacf8496525571c03727c86139b,50,50,34.6769545078,seeded_equal_cardinality_random,False,,not_applicable,COMPLETE,,,
fold05__seed44__unmodified_baseline__baseline,5,44,unmodified_baseline,,0%,0,0.641145833333,0.602272727273,0.641145833333,0,1f272d0d421037bde3ba1f9f6267539e94659da209548fc70ac47d1587f2db7b,50,50,31.7268557549,not_applicable,False,3.68058719058e-07,,COMPLETE,,,
fold05__seed44__gradient_x_input__5pct,5,44,gradient_x_input,0.05,5%,249,0.623958333333,0.545454545455,0.641145833333,-0.0171875,1f272d0d421037bde3ba1f9f6267539e94659da209548fc70ac47d1587f2db7b,50,50,33.9853870869,outer_train_only__three_canonical_seed_signed_mean_then_subject_mean_absolute,False,,fd2f0b6aa0024369158062821947e591a10734abfdc9fde3b75db9ba8d82d342,COMPLETE,0.623958333333,0.633854166667,-0.00989583333333
fold05__seed44__integrated_gradients__5pct,5,44,integrated_gradients,0.05,5%,249,0.6265625,0.602272727273,0.641145833333,-0.0145833333333,1f272d0d421037bde3ba1f9f6267539e94659da209548fc70ac47d1587f2db7b,50,50,34.0724995136,outer_train_only__three_canonical_seed_signed_mean_then_subject_mean_absolute,False,,fd2f0b6aa0024369158062821947e591a10734abfdc9fde3b75db9ba8d82d342,COMPLETE,0.6265625,0.633854166667,-0.00729166666667
fold05__seed44__random__5pct,5,44,random,0.05,5%,249,0.633854166667,0.602272727273,0.641145833333,-0.00729166666667,1f272d0d421037bde3ba1f9f6267539e94659da209548fc70ac47d1587f2db7b,50,50,30.7591369152,seeded_equal_cardinality_random,False,,not_applicable,COMPLETE,,,
fold05__seed44__gradient_x_input__10pct,5,44,gradient_x_input,0.1,10%,498,0.6484375,0.568181818182,0.641145833333,0.00729166666667,1f272d0d421037bde3ba1f9f6267539e94659da209548fc70ac47d1587f2db7b,50,50,33.5549640656,outer_train_only__three_canonical_seed_signed_mean_then_subject_mean_absolute,False,,fd2f0b6aa0024369158062821947e591a10734abfdc9fde3b75db9ba8d82d342,COMPLETE,0.6484375,0.699479166667,-0.0510416666667
fold05__seed44__integrated_gradients__10pct,5,44,integrated_gradients,0.1,10%,498,0.613020833333,0.556818181818,0.641145833333,-0.028125,1f272d0d421037bde3ba1f9f6267539e94659da209548fc70ac47d1587f2db7b,50,50,34.8725361824,outer_train_only__three_canonical_seed_signed_mean_then_subject_mean_absolute,False,,fd2f0b6aa0024369158062821947e591a10734abfdc9fde3b75db9ba8d82d342,COMPLETE,0.613020833333,0.699479166667,-0.0864583333333
fold05__seed44__random__10pct,5,44,random,0.1,10%,498,0.699479166667,0.613636363636,0.641145833333,0.0583333333333,1f272d0d421037bde3ba1f9f6267539e94659da209548fc70ac47d1587f2db7b,50,50,30.6888546944,seeded_equal_cardinality_random,False,,not_applicable,COMPLETE,,,
fold06__seed42__unmodified_baseline__baseline,6,42,unmodified_baseline,,0%,0,0.741145833333,0.647727272727,0.741145833333,0,5c5df0dda5e48fdf8614837f053f4302a0230168508b4ec16bb6aacb1442167d,40,40,29.4144294262,not_applicable,False,1.10918473895e-06,,COMPLETE,,,
fold06__seed42__gradient_x_input__5pct,6,42,gradient_x_input,0.05,5%,249,0.697395833333,0.613636363636,0.741145833333,-0.04375,5c5df0dda5e48fdf8614837f053f4302a0230168508b4ec16bb6aacb1442167d,40,40,25.3887400627,outer_train_only__three_canonical_seed_signed_mean_then_subject_mean_absolute,False,,f7754d33df3c1998a56e6b01757db9436befef8012b52f5634c2d32a0b77b38d,COMPLETE,0.697395833333,0.702604166667,-0.00520833333333
fold06__seed42__integrated_gradients__5pct,6,42,integrated_gradients,0.05,5%,249,0.708854166667,0.590909090909,0.741145833333,-0.0322916666667,5c5df0dda5e48fdf8614837f053f4302a0230168508b4ec16bb6aacb1442167d,40,40,27.5765309334,outer_train_only__three_canonical_seed_signed_mean_then_subject_mean_absolute,False,,f7754d33df3c1998a56e6b01757db9436befef8012b52f5634c2d32a0b77b38d,COMPLETE,0.708854166667,0.702604166667,0.00625
fold06__seed42__random__5pct,6,42,random,0.05,5%,249,0.702604166667,0.613636363636,0.741145833333,-0.0385416666667,5c5df0dda5e48fdf8614837f053f4302a0230168508b4ec16bb6aacb1442167d,40,40,29.6648335457,seeded_equal_cardinality_random,False,,not_applicable,COMPLETE,,,
fold06__seed42__gradient_x_input__10pct,6,42,gradient_x_input,0.1,10%,498,0.694791666667,0.568181818182,0.741145833333,-0.0463541666667,5c5df0dda5e48fdf8614837f053f4302a0230168508b4ec16bb6aacb1442167d,40,40,27.2583267689,outer_train_only__three_canonical_seed_signed_mean_then_subject_mean_absolute,False,,f7754d33df3c1998a56e6b01757db9436befef8012b52f5634c2d32a0b77b38d,COMPLETE,0.694791666667,0.690104166667,0.0046875
fold06__seed42__integrated_gradients__10pct,6,42,integrated_gradients,0.1,10%,498,0.713541666667,0.670454545455,0.741145833333,-0.0276041666667,5c5df0dda5e48fdf8614837f053f4302a0230168508b4ec16bb6aacb1442167d,40,40,25.5260198116,outer_train_only__three_canonical_seed_signed_mean_then_subject_mean_absolute,False,,f7754d33df3c1998a56e6b01757db9436befef8012b52f5634c2d32a0b77b38d,COMPLETE,0.713541666667,0.690104166667,0.0234375
fold06__seed42__random__10pct,6,42,random,0.1,10%,498,0.690104166667,0.602272727273,0.741145833333,-0.0510416666667,5c5df0dda5e48fdf8614837f053f4302a0230168508b4ec16bb6aacb1442167d,40,40,28.4115612507,seeded_equal_cardinality_random,False,,not_applicable,COMPLETE,,,
fold06__seed43__unmodified_baseline__baseline,6,43,unmodified_baseline,,0%,0,0.696354166667,0.625,0.696354166667,0,a24422c4220653ce48f2c36e6a4380ad38e49faf07605b9c7c95f8809a498d1f,55,55,41.1565725803,not_applicable,False,1.26882484908e-06,,COMPLETE,,,
fold06__seed43__gradient_x_input__5pct,6,43,gradient_x_input,0.05,5%,249,0.7171875,0.670454545455,0.696354166667,0.0208333333333,a24422c4220653ce48f2c36e6a4380ad38e49faf07605b9c7c95f8809a498d1f,55,55,35.1660368443,outer_train_only__three_canonical_seed_signed_mean_then_subject_mean_absolute,False,,f7754d33df3c1998a56e6b01757db9436befef8012b52f5634c2d32a0b77b38d,COMPLETE,0.7171875,0.661979166667,0.0552083333333
fold06__seed43__integrated_gradients__5pct,6,43,integrated_gradients,0.05,5%,249,0.70625,0.590909090909,0.696354166667,0.00989583333333,a24422c4220653ce48f2c36e6a4380ad38e49faf07605b9c7c95f8809a498d1f,55,55,38.0244264603,outer_train_only__three_canonical_seed_signed_mean_then_subject_mean_absolute,False,,f7754d33df3c1998a56e6b01757db9436befef8012b52f5634c2d32a0b77b38d,COMPLETE,0.70625,0.661979166667,0.0442708333333
fold06__seed43__random__5pct,6,43,random,0.05,5%,249,0.661979166667,0.613636363636,0.696354166667,-0.034375,a24422c4220653ce48f2c36e6a4380ad38e49faf07605b9c7c95f8809a498d1f,55,55,40.7727601528,seeded_equal_cardinality_random,False,,not_applicable,COMPLETE,,,
fold06__seed43__gradient_x_input__10pct,6,43,gradient_x_input,0.1,10%,498,0.725,0.647727272727,0.696354166667,0.0286458333333,a24422c4220653ce48f2c36e6a4380ad38e49faf07605b9c7c95f8809a498d1f,55,55,35.0015950203,outer_train_only__three_canonical_seed_signed_mean_then_subject_mean_absolute,False,,f7754d33df3c1998a56e6b01757db9436befef8012b52f5634c2d32a0b77b38d,COMPLETE,0.725,0.755729166667,-0.0307291666667
fold06__seed43__integrated_gradients__10pct,6,43,integrated_gradients,0.1,10%,498,0.7078125,0.602272727273,0.696354166667,0.0114583333333,a24422c4220653ce48f2c36e6a4380ad38e49faf07605b9c7c95f8809a498d1f,55,55,38.8426380157,outer_train_only__three_canonical_seed_signed_mean_then_subject_mean_absolute,False,,f7754d33df3c1998a56e6b01757db9436befef8012b52f5634c2d32a0b77b38d,COMPLETE,0.7078125,0.755729166667,-0.0479166666667
fold06__seed43__random__10pct,6,43,random,0.1,10%,498,0.755729166667,0.670454545455,0.696354166667,0.059375,a24422c4220653ce48f2c36e6a4380ad38e49faf07605b9c7c95f8809a498d1f,55,55,41.0348336697,seeded_equal_cardinality_random,False,,not_applicable,COMPLETE,,,
fold06__seed44__unmodified_baseline__baseline,6,44,unmodified_baseline,,0%,0,0.711458333333,0.647727272727,0.711458333333,0,6a6a4e5a7e6995feb81b6a05659334da76f0c4332c7ba7a0cba1395393cd17fb,10,10,6.56614232063,not_applicable,False,5.79256454747e-07,,COMPLETE,,,
fold06__seed44__gradient_x_input__5pct,6,44,gradient_x_input,0.05,5%,249,0.721875,0.693181818182,0.711458333333,0.0104166666667,6a6a4e5a7e6995feb81b6a05659334da76f0c4332c7ba7a0cba1395393cd17fb,10,10,6.49437475204,outer_train_only__three_canonical_seed_signed_mean_then_subject_mean_absolute,False,,f7754d33df3c1998a56e6b01757db9436befef8012b52f5634c2d32a0b77b38d,COMPLETE,0.721875,0.697395833333,0.0244791666667
fold06__seed44__integrated_gradients__5pct,6,44,integrated_gradients,0.05,5%,249,0.724479166667,0.670454545455,0.711458333333,0.0130208333333,6a6a4e5a7e6995feb81b6a05659334da76f0c4332c7ba7a0cba1395393cd17fb,10,10,6.40310263634,outer_train_only__three_canonical_seed_signed_mean_then_subject_mean_absolute,False,,f7754d33df3c1998a56e6b01757db9436befef8012b52f5634c2d32a0b77b38d,COMPLETE,0.724479166667,0.697395833333,0.0270833333333
fold06__seed44__random__5pct,6,44,random,0.05,5%,249,0.697395833333,0.647727272727,0.711458333333,-0.0140625,6a6a4e5a7e6995feb81b6a05659334da76f0c4332c7ba7a0cba1395393cd17fb,10,10,6.38138484955,seeded_equal_cardinality_random,False,,not_applicable,COMPLETE,,,
fold06__seed44__gradient_x_input__10pct,6,44,gradient_x_input,0.1,10%,498,0.688020833333,0.670454545455,0.711458333333,-0.0234375,6a6a4e5a7e6995feb81b6a05659334da76f0c4332c7ba7a0cba1395393cd17fb,10,10,6.42352080345,outer_train_only__three_canonical_seed_signed_mean_then_subject_mean_absolute,False,,f7754d33df3c1998a56e6b01757db9436befef8012b52f5634c2d32a0b77b38d,COMPLETE,0.688020833333,0.7,-0.0119791666667
fold06__seed44__integrated_gradients__10pct,6,44,integrated_gradients,0.1,10%,498,0.669791666667,0.625,0.711458333333,-0.0416666666667,6a6a4e5a7e6995feb81b6a05659334da76f0c4332c7ba7a0cba1395393cd17fb,10,10,6.3108189106,outer_train_only__three_canonical_seed_signed_mean_then_subject_mean_absolute,False,,f7754d33df3c1998a56e6b01757db9436befef8012b52f5634c2d32a0b77b38d,COMPLETE,0.669791666667,0.7,-0.0302083333333
fold06__seed44__random__10pct,6,44,random,0.1,10%,498,0.7,0.681818181818,0.711458333333,-0.0114583333333,6a6a4e5a7e6995feb81b6a05659334da76f0c4332c7ba7a0cba1395393cd17fb,10,10,6.97253394127,seeded_equal_cardinality_random,False,,not_applicable,COMPLETE,,,
fold07__seed42__unmodified_baseline__baseline,7,42,unmodified_baseline,,0%,0,0.761458333333,0.670454545455,0.761458333333,0,76a12eebc52f94e8773d2b74e159f71bb335825bdda105c59175de51405db129,5,5,3.887362957,not_applicable,False,3.05594154648e-07,,COMPLETE,,,
fold07__seed42__gradient_x_input__5pct,7,42,gradient_x_input,0.05,5%,249,0.7703125,0.693181818182,0.761458333333,0.00885416666667,76a12eebc52f94e8773d2b74e159f71bb335825bdda105c59175de51405db129,5,5,3.72268676758,outer_train_only__three_canonical_seed_signed_mean_then_subject_mean_absolute,False,,f24de6c673033aff9c543411f1d259b430c5d4468b1a45e3ff84952b933c041f,COMPLETE,0.7703125,0.758333333333,0.0119791666667
fold07__seed42__integrated_gradients__5pct,7,42,integrated_gradients,0.05,5%,249,0.767708333333,0.715909090909,0.761458333333,0.00625,76a12eebc52f94e8773d2b74e159f71bb335825bdda105c59175de51405db129,5,5,4.03173923492,outer_train_only__three_canonical_seed_signed_mean_then_subject_mean_absolute,False,,f24de6c673033aff9c543411f1d259b430c5d4468b1a45e3ff84952b933c041f,COMPLETE,0.767708333333,0.758333333333,0.009375
fold07__seed42__random__5pct,7,42,random,0.05,5%,249,0.758333333333,0.693181818182,0.761458333333,-0.003125,76a12eebc52f94e8773d2b74e159f71bb335825bdda105c59175de51405db129,5,5,3.63147258759,seeded_equal_cardinality_random,False,,not_applicable,COMPLETE,,,
fold07__seed42__gradient_x_input__10pct,7,42,gradient_x_input,0.1,10%,498,0.758333333333,0.681818181818,0.761458333333,-0.003125,76a12eebc52f94e8773d2b74e159f71bb335825bdda105c59175de51405db129,5,5,3.67791318893,outer_train_only__three_canonical_seed_signed_mean_then_subject_mean_absolute,False,,f24de6c673033aff9c543411f1d259b430c5d4468b1a45e3ff84952b933c041f,COMPLETE,0.758333333333,0.763541666667,-0.00520833333333
fold07__seed42__integrated_gradients__10pct,7,42,integrated_gradients,0.1,10%,498,0.753645833333,0.681818181818,0.761458333333,-0.0078125,76a12eebc52f94e8773d2b74e159f71bb335825bdda105c59175de51405db129,5,5,3.58734226227,outer_train_only__three_canonical_seed_signed_mean_then_subject_mean_absolute,False,,f24de6c673033aff9c543411f1d259b430c5d4468b1a45e3ff84952b933c041f,COMPLETE,0.753645833333,0.763541666667,-0.00989583333333
fold07__seed42__random__10pct,7,42,random,0.1,10%,498,0.763541666667,0.681818181818,0.761458333333,0.00208333333333,76a12eebc52f94e8773d2b74e159f71bb335825bdda105c59175de51405db129,5,5,3.54424953461,seeded_equal_cardinality_random,False,,not_applicable,COMPLETE,,,
fold07__seed43__unmodified_baseline__baseline,7,43,unmodified_baseline,,0%,0,0.74375,0.670454545455,0.74375,0,15c346b625fc4d27a3dc0ad2dd6f77136c46e08a7fe0691c50112a242def355d,15,15,10.5428795815,not_applicable,False,1.2440510454e-06,,COMPLETE,,,
fold07__seed43__gradient_x_input__5pct,7,43,gradient_x_input,0.05,5%,249,0.7609375,0.704545454545,0.74375,0.0171875,15c346b625fc4d27a3dc0ad2dd6f77136c46e08a7fe0691c50112a242def355d,15,15,9.82868218422,outer_train_only__three_canonical_seed_signed_mean_then_subject_mean_absolute,False,,f24de6c673033aff9c543411f1d259b430c5d4468b1a45e3ff84952b933c041f,COMPLETE,0.7609375,0.786979166667,-0.0260416666667
fold07__seed43__integrated_gradients__5pct,7,43,integrated_gradients,0.05,5%,249,0.716666666667,0.681818181818,0.74375,-0.0270833333333,15c346b625fc4d27a3dc0ad2dd6f77136c46e08a7fe0691c50112a242def355d,15,15,9.46233558655,outer_train_only__three_canonical_seed_signed_mean_then_subject_mean_absolute,False,,f24de6c673033aff9c543411f1d259b430c5d4468b1a45e3ff84952b933c041f,COMPLETE,0.716666666667,0.786979166667,-0.0703125
fold07__seed43__random__5pct,7,43,random,0.05,5%,249,0.786979166667,0.704545454545,0.74375,0.0432291666667,15c346b625fc4d27a3dc0ad2dd6f77136c46e08a7fe0691c50112a242def355d,15,15,9.36901760101,seeded_equal_cardinality_random,False,,not_applicable,COMPLETE,,,
fold07__seed43__gradient_x_input__10pct,7,43,gradient_x_input,0.1,10%,498,0.76875,0.670454545455,0.74375,0.025,15c346b625fc4d27a3dc0ad2dd6f77136c46e08a7fe0691c50112a242def355d,15,15,10.1734409332,outer_train_only__three_canonical_seed_signed_mean_then_subject_mean_absolute,False,,f24de6c673033aff9c543411f1d259b430c5d4468b1a45e3ff84952b933c041f,COMPLETE,0.76875,0.743229166667,0.0255208333333
fold07__seed43__integrated_gradients__10pct,7,43,integrated_gradients,0.1,10%,498,0.726041666667,0.670454545455,0.74375,-0.0177083333333,15c346b625fc4d27a3dc0ad2dd6f77136c46e08a7fe0691c50112a242def355d,15,15,10.9847390652,outer_train_only__three_canonical_seed_signed_mean_then_subject_mean_absolute,False,,f24de6c673033aff9c543411f1d259b430c5d4468b1a45e3ff84952b933c041f,COMPLETE,0.726041666667,0.743229166667,-0.0171875
fold07__seed43__random__10pct,7,43,random,0.1,10%,498,0.743229166667,0.636363636364,0.74375,-0.000520833333333,15c346b625fc4d27a3dc0ad2dd6f77136c46e08a7fe0691c50112a242def355d,15,15,10.9432086945,seeded_equal_cardinality_random,False,,not_applicable,COMPLETE,,,
fold07__seed44__unmodified_baseline__baseline,7,44,unmodified_baseline,,0%,0,0.734375,0.693181818182,0.734375,0,22554bbe39b3eb4024c43911261752b25ae95524a435aa753e54e48192f8086f,80,80,55.2494711876,not_applicable,False,2.21934633449e-07,,COMPLETE,,,
fold07__seed44__gradient_x_input__5pct,7,44,gradient_x_input,0.05,5%,249,0.725,0.625,0.734375,-0.009375,22554bbe39b3eb4024c43911261752b25ae95524a435aa753e54e48192f8086f,80,80,52.5027968884,outer_train_only__three_canonical_seed_signed_mean_then_subject_mean_absolute,False,,f24de6c673033aff9c543411f1d259b430c5d4468b1a45e3ff84952b933c041f,COMPLETE,0.725,0.759375,-0.034375
fold07__seed44__integrated_gradients__5pct,7,44,integrated_gradients,0.05,5%,249,0.729166666667,0.659090909091,0.734375,-0.00520833333333,22554bbe39b3eb4024c43911261752b25ae95524a435aa753e54e48192f8086f,80,80,56.2775754929,outer_train_only__three_canonical_seed_signed_mean_then_subject_mean_absolute,False,,f24de6c673033aff9c543411f1d259b430c5d4468b1a45e3ff84952b933c041f,COMPLETE,0.729166666667,0.759375,-0.0302083333333
fold07__seed44__random__5pct,7,44,random,0.05,5%,249,0.759375,0.693181818182,0.734375,0.025,22554bbe39b3eb4024c43911261752b25ae95524a435aa753e54e48192f8086f,80,80,52.5259461403,seeded_equal_cardinality_random,False,,not_applicable,COMPLETE,,,
fold07__seed44__gradient_x_input__10pct,7,44,gradient_x_input,0.1,10%,498,0.709895833333,0.636363636364,0.734375,-0.0244791666667,22554bbe39b3eb4024c43911261752b25ae95524a435aa753e54e48192f8086f,80,80,58.2967259884,outer_train_only__three_canonical_seed_signed_mean_then_subject_mean_absolute,False,,f24de6c673033aff9c543411f1d259b430c5d4468b1a45e3ff84952b933c041f,COMPLETE,0.709895833333,0.7640625,-0.0541666666667
fold07__seed44__integrated_gradients__10pct,7,44,integrated_gradients,0.1,10%,498,0.741666666667,0.647727272727,0.734375,0.00729166666667,22554bbe39b3eb4024c43911261752b25ae95524a435aa753e54e48192f8086f,80,80,51.3559508324,outer_train_only__three_canonical_seed_signed_mean_then_subject_mean_absolute,False,,f24de6c673033aff9c543411f1d259b430c5d4468b1a45e3ff84952b933c041f,COMPLETE,0.741666666667,0.7640625,-0.0223958333333
fold07__seed44__random__10pct,7,44,random,0.1,10%,498,0.7640625,0.670454545455,0.734375,0.0296875,22554bbe39b3eb4024c43911261752b25ae95524a435aa753e54e48192f8086f,80,80,57.8870739937,seeded_equal_cardinality_random,False,,not_applicable,COMPLETE,,,
fold08__seed42__unmodified_baseline__baseline,8,42,unmodified_baseline,,0%,0,0.8015625,0.715909090909,0.8015625,0,7d522cbb688f8d3e77153d2194ac0ce4dde013cc2b79bb1364f64d20c14badbf,55,55,29.3285753727,not_applicable,False,6.00565344122e-07,,COMPLETE,,,
fold08__seed42__gradient_x_input__5pct,8,42,gradient_x_input,0.05,5%,249,0.706770833333,0.602272727273,0.8015625,-0.0947916666667,7d522cbb688f8d3e77153d2194ac0ce4dde013cc2b79bb1364f64d20c14badbf,55,55,33.3280973434,outer_train_only__three_canonical_seed_signed_mean_then_subject_mean_absolute,False,,7c748cc3a3bf759de368c765c718c8b257d64e82ce1854c2d2c89a40a869b6d8,COMPLETE,0.706770833333,0.724479166667,-0.0177083333333
fold08__seed42__integrated_gradients__5pct,8,42,integrated_gradients,0.05,5%,249,0.821875,0.75,0.8015625,0.0203125,7d522cbb688f8d3e77153d2194ac0ce4dde013cc2b79bb1364f64d20c14badbf,55,55,31.7790846825,outer_train_only__three_canonical_seed_signed_mean_then_subject_mean_absolute,False,,7c748cc3a3bf759de368c765c718c8b257d64e82ce1854c2d2c89a40a869b6d8,COMPLETE,0.821875,0.724479166667,0.0973958333333
fold08__seed42__random__5pct,8,42,random,0.05,5%,249,0.724479166667,0.738636363636,0.8015625,-0.0770833333333,7d522cbb688f8d3e77153d2194ac0ce4dde013cc2b79bb1364f64d20c14badbf,55,55,28.1983737946,seeded_equal_cardinality_random,False,,not_applicable,COMPLETE,,,
fold08__seed42__gradient_x_input__10pct,8,42,gradient_x_input,0.1,10%,498,0.758333333333,0.727272727273,0.8015625,-0.0432291666667,7d522cbb688f8d3e77153d2194ac0ce4dde013cc2b79bb1364f64d20c14badbf,55,55,30.324901104,outer_train_only__three_canonical_seed_signed_mean_then_subject_mean_absolute,False,,7c748cc3a3bf759de368c765c718c8b257d64e82ce1854c2d2c89a40a869b6d8,COMPLETE,0.758333333333,0.817708333333,-0.059375
fold08__seed42__integrated_gradients__10pct,8,42,integrated_gradients,0.1,10%,498,0.753645833333,0.727272727273,0.8015625,-0.0479166666667,7d522cbb688f8d3e77153d2194ac0ce4dde013cc2b79bb1364f64d20c14badbf,55,55,33.1934418678,outer_train_only__three_canonical_seed_signed_mean_then_subject_mean_absolute,False,,7c748cc3a3bf759de368c765c718c8b257d64e82ce1854c2d2c89a40a869b6d8,COMPLETE,0.753645833333,0.817708333333,-0.0640625
fold08__seed42__random__10pct,8,42,random,0.1,10%,498,0.817708333333,0.738636363636,0.8015625,0.0161458333333,7d522cbb688f8d3e77153d2194ac0ce4dde013cc2b79bb1364f64d20c14badbf,55,55,29.7471063137,seeded_equal_cardinality_random,False,,not_applicable,COMPLETE,,,
fold08__seed43__unmodified_baseline__baseline,8,43,unmodified_baseline,,0%,0,0.78125,0.704545454545,0.78125,0,2e0f775e8fc79bae1890ad3025f20deb84984aaec3abfc2ace41fee7c013985f,90,90,46.8303725719,not_applicable,False,1.28414704398e-07,,COMPLETE,,,
fold08__seed43__gradient_x_input__5pct,8,43,gradient_x_input,0.05,5%,249,0.78125,0.727272727273,0.78125,0,2e0f775e8fc79bae1890ad3025f20deb84984aaec3abfc2ace41fee7c013985f,90,90,54.3442149162,outer_train_only__three_canonical_seed_signed_mean_then_subject_mean_absolute,False,,7c748cc3a3bf759de368c765c718c8b257d64e82ce1854c2d2c89a40a869b6d8,COMPLETE,0.78125,0.800520833333,-0.0192708333333
fold08__seed43__integrated_gradients__5pct,8,43,integrated_gradients,0.05,5%,249,0.7703125,0.727272727273,0.78125,-0.0109375,2e0f775e8fc79bae1890ad3025f20deb84984aaec3abfc2ace41fee7c013985f,90,90,45.3349072933,outer_train_only__three_canonical_seed_signed_mean_then_subject_mean_absolute,False,,7c748cc3a3bf759de368c765c718c8b257d64e82ce1854c2d2c89a40a869b6d8,COMPLETE,0.7703125,0.800520833333,-0.0302083333333
fold08__seed43__random__5pct,8,43,random,0.05,5%,249,0.800520833333,0.704545454545,0.78125,0.0192708333333,2e0f775e8fc79bae1890ad3025f20deb84984aaec3abfc2ace41fee7c013985f,90,90,51.7434678078,seeded_equal_cardinality_random,False,,not_applicable,COMPLETE,,,
fold08__seed43__gradient_x_input__10pct,8,43,gradient_x_input,0.1,10%,498,0.798958333333,0.727272727273,0.78125,0.0177083333333,2e0f775e8fc79bae1890ad3025f20deb84984aaec3abfc2ace41fee7c013985f,90,90,47.9741148949,outer_train_only__three_canonical_seed_signed_mean_then_subject_mean_absolute,False,,7c748cc3a3bf759de368c765c718c8b257d64e82ce1854c2d2c89a40a869b6d8,COMPLETE,0.798958333333,0.7828125,0.0161458333333
fold08__seed43__integrated_gradients__10pct,8,43,integrated_gradients,0.1,10%,498,0.797916666667,0.75,0.78125,0.0166666666667,2e0f775e8fc79bae1890ad3025f20deb84984aaec3abfc2ace41fee7c013985f,90,90,49.7062978745,outer_train_only__three_canonical_seed_signed_mean_then_subject_mean_absolute,False,,7c748cc3a3bf759de368c765c718c8b257d64e82ce1854c2d2c89a40a869b6d8,COMPLETE,0.797916666667,0.7828125,0.0151041666667
fold08__seed43__random__10pct,8,43,random,0.1,10%,498,0.7828125,0.727272727273,0.78125,0.0015625,2e0f775e8fc79bae1890ad3025f20deb84984aaec3abfc2ace41fee7c013985f,90,90,51.4063193798,seeded_equal_cardinality_random,False,,not_applicable,COMPLETE,,,
fold08__seed44__unmodified_baseline__baseline,8,44,unmodified_baseline,,0%,0,0.7765625,0.693181818182,0.7765625,0,f38c58669fd8eae6a215b9ce9eb81d3584ef64457bbe34ec6a069ea0fd5a2bf5,40,40,20.6427612305,not_applicable,False,5.46918824229e-07,,COMPLETE,,,
fold08__seed44__gradient_x_input__5pct,8,44,gradient_x_input,0.05,5%,249,0.803125,0.715909090909,0.7765625,0.0265625,f38c58669fd8eae6a215b9ce9eb81d3584ef64457bbe34ec6a069ea0fd5a2bf5,40,40,21.4975135326,outer_train_only__three_canonical_seed_signed_mean_then_subject_mean_absolute,False,,7c748cc3a3bf759de368c765c718c8b257d64e82ce1854c2d2c89a40a869b6d8,COMPLETE,0.803125,0.7015625,0.1015625
fold08__seed44__integrated_gradients__5pct,8,44,integrated_gradients,0.05,5%,249,0.722916666667,0.613636363636,0.7765625,-0.0536458333333,f38c58669fd8eae6a215b9ce9eb81d3584ef64457bbe34ec6a069ea0fd5a2bf5,40,40,24.144405365,outer_train_only__three_canonical_seed_signed_mean_then_subject_mean_absolute,False,,7c748cc3a3bf759de368c765c718c8b257d64e82ce1854c2d2c89a40a869b6d8,COMPLETE,0.722916666667,0.7015625,0.0213541666667
fold08__seed44__random__5pct,8,44,random,0.05,5%,249,0.7015625,0.625,0.7765625,-0.075,f38c58669fd8eae6a215b9ce9eb81d3584ef64457bbe34ec6a069ea0fd5a2bf5,40,40,24.2910919189,seeded_equal_cardinality_random,False,,not_applicable,COMPLETE,,,
fold08__seed44__gradient_x_input__10pct,8,44,gradient_x_input,0.1,10%,498,0.776041666667,0.715909090909,0.7765625,-0.000520833333333,f38c58669fd8eae6a215b9ce9eb81d3584ef64457bbe34ec6a069ea0fd5a2bf5,40,40,21.7061240673,outer_train_only__three_canonical_seed_signed_mean_then_subject_mean_absolute,False,,7c748cc3a3bf759de368c765c718c8b257d64e82ce1854c2d2c89a40a869b6d8,COMPLETE,0.776041666667,0.801041666667,-0.025
fold08__seed44__integrated_gradients__10pct,8,44,integrated_gradients,0.1,10%,498,0.797916666667,0.715909090909,0.7765625,0.0213541666667,f38c58669fd8eae6a215b9ce9eb81d3584ef64457bbe34ec6a069ea0fd5a2bf5,40,40,20.6555812359,outer_train_only__three_canonical_seed_signed_mean_then_subject_mean_absolute,False,,7c748cc3a3bf759de368c765c718c8b257d64e82ce1854c2d2c89a40a869b6d8,COMPLETE,0.797916666667,0.801041666667,-0.003125
fold08__seed44__random__10pct,8,44,random,0.1,10%,498,0.801041666667,0.704545454545,0.7765625,0.0244791666667,f38c58669fd8eae6a215b9ce9eb81d3584ef64457bbe34ec6a069ea0fd5a2bf5,40,40,20.6534612179,seeded_equal_cardinality_random,False,,not_applicable,COMPLETE,,,
fold09__seed42__unmodified_baseline__baseline,9,42,unmodified_baseline,,0%,0,0.659574468085,0.609195402299,0.659574468085,0,53eb3779a25b52782c7394b4a7a8d18ebd8931efeca82a5d73f2b5fd48686aec,70,70,41.2415277958,not_applicable,False,2.67572284246e-07,,COMPLETE,,,
fold09__seed42__gradient_x_input__5pct,9,42,gradient_x_input,0.05,5%,249,0.690957446809,0.64367816092,0.659574468085,0.0313829787234,53eb3779a25b52782c7394b4a7a8d18ebd8931efeca82a5d73f2b5fd48686aec,70,70,35.9081125259,outer_train_only__three_canonical_seed_signed_mean_then_subject_mean_absolute,False,,e44c5a3b057554ef183d09b6d5a0217ab49f2f87e6ae96d8f9e59f6db455e503,COMPLETE,0.690957446809,0.675,0.0159574468085
fold09__seed42__integrated_gradients__5pct,9,42,integrated_gradients,0.05,5%,249,0.698936170213,0.666666666667,0.659574468085,0.0393617021277,53eb3779a25b52782c7394b4a7a8d18ebd8931efeca82a5d73f2b5fd48686aec,70,70,40.4967422485,outer_train_only__three_canonical_seed_signed_mean_then_subject_mean_absolute,False,,e44c5a3b057554ef183d09b6d5a0217ab49f2f87e6ae96d8f9e59f6db455e503,COMPLETE,0.698936170213,0.675,0.0239361702128
fold09__seed42__random__5pct,9,42,random,0.05,5%,249,0.675,0.620689655172,0.659574468085,0.0154255319149,53eb3779a25b52782c7394b4a7a8d18ebd8931efeca82a5d73f2b5fd48686aec,70,70,40.5893027782,seeded_equal_cardinality_random,False,,not_applicable,COMPLETE,,,
fold09__seed42__gradient_x_input__10pct,9,42,gradient_x_input,0.1,10%,498,0.70585106383,0.620689655172,0.659574468085,0.0462765957447,53eb3779a25b52782c7394b4a7a8d18ebd8931efeca82a5d73f2b5fd48686aec,70,70,38.0840404034,outer_train_only__three_canonical_seed_signed_mean_then_subject_mean_absolute,False,,e44c5a3b057554ef183d09b6d5a0217ab49f2f87e6ae96d8f9e59f6db455e503,COMPLETE,0.70585106383,0.652659574468,0.0531914893617
fold09__seed42__integrated_gradients__10pct,9,42,integrated_gradients,0.1,10%,498,0.654255319149,0.563218390805,0.659574468085,-0.00531914893617,53eb3779a25b52782c7394b4a7a8d18ebd8931efeca82a5d73f2b5fd48686aec,70,70,42.7074415684,outer_train_only__three_canonical_seed_signed_mean_then_subject_mean_absolute,False,,e44c5a3b057554ef183d09b6d5a0217ab49f2f87e6ae96d8f9e59f6db455e503,COMPLETE,0.654255319149,0.652659574468,0.00159574468085
fold09__seed42__random__10pct,9,42,random,0.1,10%,498,0.652659574468,0.574712643678,0.659574468085,-0.00691489361702,53eb3779a25b52782c7394b4a7a8d18ebd8931efeca82a5d73f2b5fd48686aec,70,70,37.7589898109,seeded_equal_cardinality_random,False,,not_applicable,COMPLETE,,,
fold09__seed43__unmodified_baseline__baseline,9,43,unmodified_baseline,,0%,0,0.678723404255,0.597701149425,0.678723404255,0,8dda122b3e25ac6c5c81fd836f70b51ba072e83e89890f44a1e6fb09d5669b57,50,50,29.7005097866,not_applicable,False,1.43676379905e-07,,COMPLETE,,,
fold09__seed43__gradient_x_input__5pct,9,43,gradient_x_input,0.05,5%,249,0.675,0.620689655172,0.678723404255,-0.00372340425532,8dda122b3e25ac6c5c81fd836f70b51ba072e83e89890f44a1e6fb09d5669b57,50,50,29.9584167004,outer_train_only__three_canonical_seed_signed_mean_then_subject_mean_absolute,False,,e44c5a3b057554ef183d09b6d5a0217ab49f2f87e6ae96d8f9e59f6db455e503,COMPLETE,0.675,0.700531914894,-0.0255319148936
fold09__seed43__integrated_gradients__5pct,9,43,integrated_gradients,0.05,5%,249,0.677659574468,0.620689655172,0.678723404255,-0.00106382978723,8dda122b3e25ac6c5c81fd836f70b51ba072e83e89890f44a1e6fb09d5669b57,50,50,26.3883440495,outer_train_only__three_canonical_seed_signed_mean_then_subject_mean_absolute,False,,e44c5a3b057554ef183d09b6d5a0217ab49f2f87e6ae96d8f9e59f6db455e503,COMPLETE,0.677659574468,0.700531914894,-0.0228723404255
fold09__seed43__random__5pct,9,43,random,0.05,5%,249,0.700531914894,0.620689655172,0.678723404255,0.0218085106383,8dda122b3e25ac6c5c81fd836f70b51ba072e83e89890f44a1e6fb09d5669b57,50,50,29.6526601315,seeded_equal_cardinality_random,False,,not_applicable,COMPLETE,,,
fold09__seed43__gradient_x_input__10pct,9,43,gradient_x_input,0.1,10%,498,0.631382978723,0.551724137931,0.678723404255,-0.0473404255319,8dda122b3e25ac6c5c81fd836f70b51ba072e83e89890f44a1e6fb09d5669b57,50,50,30.7832958698,outer_train_only__three_canonical_seed_signed_mean_then_subject_mean_absolute,False,,e44c5a3b057554ef183d09b6d5a0217ab49f2f87e6ae96d8f9e59f6db455e503,COMPLETE,0.631382978723,0.651063829787,-0.0196808510638
fold09__seed43__integrated_gradients__10pct,9,43,integrated_gradients,0.1,10%,498,0.711170212766,0.655172413793,0.678723404255,0.0324468085106,8dda122b3e25ac6c5c81fd836f70b51ba072e83e89890f44a1e6fb09d5669b57,50,50,27.1629140377,outer_train_only__three_canonical_seed_signed_mean_then_subject_mean_absolute,False,,e44c5a3b057554ef183d09b6d5a0217ab49f2f87e6ae96d8f9e59f6db455e503,COMPLETE,0.711170212766,0.651063829787,0.0601063829787
fold09__seed43__random__10pct,9,43,random,0.1,10%,498,0.651063829787,0.551724137931,0.678723404255,-0.0276595744681,8dda122b3e25ac6c5c81fd836f70b51ba072e83e89890f44a1e6fb09d5669b57,50,50,29.4098372459,seeded_equal_cardinality_random,False,,not_applicable,COMPLETE,,,
fold09__seed44__unmodified_baseline__baseline,9,44,unmodified_baseline,,0%,0,0.615957446809,0.597701149425,0.615957446809,0,e7acd985abfed2ebdab09574e60423bb27d1b653f520d56ac28c8fbbf11e79b8,45,45,27.5448737144,not_applicable,False,8.67336834076e-07,,COMPLETE,,,
fold09__seed44__gradient_x_input__5pct,9,44,gradient_x_input,0.05,5%,249,0.696276595745,0.64367816092,0.615957446809,0.0803191489362,e7acd985abfed2ebdab09574e60423bb27d1b653f520d56ac28c8fbbf11e79b8,45,45,24.8362903595,outer_train_only__three_canonical_seed_signed_mean_then_subject_mean_absolute,False,,e44c5a3b057554ef183d09b6d5a0217ab49f2f87e6ae96d8f9e59f6db455e503,COMPLETE,0.696276595745,0.676595744681,0.0196808510638
fold09__seed44__integrated_gradients__5pct,9,44,integrated_gradients,0.05,5%,249,0.633510638298,0.528735632184,0.615957446809,0.0175531914894,e7acd985abfed2ebdab09574e60423bb27d1b653f520d56ac28c8fbbf11e79b8,45,45,24.8906366825,outer_train_only__three_canonical_seed_signed_mean_then_subject_mean_absolute,False,,e44c5a3b057554ef183d09b6d5a0217ab49f2f87e6ae96d8f9e59f6db455e503,COMPLETE,0.633510638298,0.676595744681,-0.043085106383
fold09__seed44__random__5pct,9,44,random,0.05,5%,249,0.676595744681,0.597701149425,0.615957446809,0.0606382978723,e7acd985abfed2ebdab09574e60423bb27d1b653f520d56ac28c8fbbf11e79b8,45,45,28.181548357,seeded_equal_cardinality_random,False,,not_applicable,COMPLETE,,,
fold09__seed44__gradient_x_input__10pct,9,44,gradient_x_input,0.1,10%,498,0.637765957447,0.64367816092,0.615957446809,0.0218085106383,e7acd985abfed2ebdab09574e60423bb27d1b653f520d56ac28c8fbbf11e79b8,45,45,27.1161179543,outer_train_only__three_canonical_seed_signed_mean_then_subject_mean_absolute,False,,e44c5a3b057554ef183d09b6d5a0217ab49f2f87e6ae96d8f9e59f6db455e503,COMPLETE,0.637765957447,0.645744680851,-0.00797872340426
fold09__seed44__integrated_gradients__10pct,9,44,integrated_gradients,0.1,10%,498,0.728191489362,0.64367816092,0.615957446809,0.112234042553,e7acd985abfed2ebdab09574e60423bb27d1b653f520d56ac28c8fbbf11e79b8,45,45,24.4072830677,outer_train_only__three_canonical_seed_signed_mean_then_subject_mean_absolute,False,,e44c5a3b057554ef183d09b6d5a0217ab49f2f87e6ae96d8f9e59f6db455e503,COMPLETE,0.728191489362,0.645744680851,0.0824468085106
fold09__seed44__random__10pct,9,44,random,0.1,10%,498,0.645744680851,0.563218390805,0.615957446809,0.0297872340426,e7acd985abfed2ebdab09574e60423bb27d1b653f520d56ac28c8fbbf11e79b8,45,45,27.3156337738,seeded_equal_cardinality_random,False,,not_applicable,COMPLETE,,,
